"orders_bike_id","order_no","bike_id","plate_no","take_latitude","take_longitude","return_latitude","return_longitude","take_gps_time","return_gps_time","take_address_bike","return_address_bike","imei","take_mileage","return_mileage","order_mileage","return_mode","dynamic_activity_level","create_time","modify_time"
"5112074","619104069895530270","41026","723007","39.900033","116.412228","39.889056","116.407212","30/6/2019 23:50:31","1/7/2019 00:18:39","崇文门外街道祈年大街新活馆","天坛街道金鱼池(西区)金鱼池西区","868183035271407","4868.5602","4870.3612","1.8","2","0","1/7/2019 00:00:06","1/7/2019 00:18:45"
"5112075","619104261029262230","80942","300001139","34.425894","112.436025","34.42231","112.426862","30/6/2019 23:58:49","1/7/2019 00:10:50","城关镇杜康大道47号","城关镇酒城北路县政府家属院(健康街)","868183038763863","2272.9097","2274.2472","1.34","2","0","1/7/2019 00:00:24","1/7/2019 00:10:59"
"5112076","619104265675212220","47999","106492886","32.000248","119.600774","31.981408","119.56819","30/6/2019 23:59:33","1/7/2019 00:18:15","经济技术开发区玉泉路120号新欣市场","云阳镇华南路180号华云公寓","352544073736879","1086.116","1091.161","5.05","2","0","1/7/2019 00:00:24","1/7/2019 00:18:20"
"5112077","619104271205222220","50816","106490100","32.576272","116.782557","32.578689","116.778413","30/6/2019 23:51:05","1/7/2019 00:05:04","寿春镇西大街","寿春镇社会保险费一票多费申报征缴办公室","352544073714397","1046.635","1047.508","0.87","2","0","1/7/2019 00:00:25","1/7/2019 00:05:10"
"5112078","619104460099312230","53467","106486976","32.790221","118.003271","32.783828","118.003922","30/6/2019 23:59:56","1/7/2019 00:05:29","明光街道闽南海鲜(明光店)","明光街道龙山路59中央广场","352544073754583","1525.589","1526.357","0.77","2","0","1/7/2019 00:00:44","1/7/2019 00:05:36"
"5112079","619104499793861420","68619","201012620","23.052322","112.48423","23.082571","112.445348","30/6/2019 23:51:31","1/7/2019 00:31:44","城东街道古塔中路10-之17号公路局","睦岗街道站北路第一人民医院(北岭分院)","868183035256358","2495.0776","2502.9933","7.92","2","0","1/7/2019 00:00:48","1/7/2019 00:31:54"
"5112081","619104600755670270","19406","712680","39.963813","116.406933","39.989218","116.46024","30/6/2019 23:53:40","1/7/2019 00:26:26","安贞街道安华里社区安华里4区","望京街道南湖中园二条花家地西里1区","868183032332483","4793.4317","4801.375","7.94","2","0","1/7/2019 00:00:59","1/7/2019 00:26:32"
"5112080","619104616365312220","37335","722442","39.132706","117.215588","39.116215","117.222768","30/6/2019 23:54:45","1/7/2019 04:59:26","大王庄街道张自忠路诚达精品酒店(天津站店)","大营门街道蚌埠道南通里","865067025960280","736.7796","739.7906","3.011","2","0","1/7/2019 00:00:59","1/7/2019 05:02:00"
"5112082","619104639749392230","86670","300004108","33.233449","116.569915","33.228412","116.569321","30/6/2019 23:56:34","1/7/2019 00:05:44","庄周街道庄子大道御景华庭(永兴路)","庄周街道庄子大道逍遥公园","866039041655052","1686.8545","1687.7016","0.85","2","0","1/7/2019 00:01:02","1/7/2019 00:05:50"
"5112083","619104752947711640","6790","602855","30.696304","103.83149","30.694037","103.822342","30/6/2019 23:48:41","1/7/2019 00:17:31","柳城街道凤溪大道北段151号第五人民医院","柳城街道德通桥路233号8柳城阳光(德通桥路)","868183032285509","1015.5201","1019.4087","3.89","2","0","1/7/2019 00:01:12","1/7/2019 00:17:41"
"5112084","619104744383951420","42123","106499185","31.29488","117.916703","31.301758","117.91281","30/6/2019 23:59:29","1/7/2019 00:08:56","无城镇南大街79号","无城镇临湖路","868183036808900","1234.7559","1235.7279","0.97","2","0","1/7/2019 00:01:13","1/7/2019 00:09:05"
"5112085","619104772405342220","84763","300003680","34.456645","113.042695","34.455978","113.054144","30/6/2019 23:57:49","1/7/2019 00:12:18","嵩阳街道菜园路滨河新苑","嵩阳街道中岳大街城东家属院","866039040390131","2121.3117","2122.5745","1.26","2","0","1/7/2019 00:01:15","1/7/2019 00:12:22"
"5112086","619104968825432220","79363","502361","23.694875","113.063905","23.710602","113.028851","30/6/2019 23:56:55","1/7/2019 00:21:29","东城街道院环西路凯景中央首座","凤城街道北门街","868183038334715","876.238","881.635","5.4","2","0","1/7/2019 00:01:34","1/7/2019 00:21:37"
"5112087","619105022135790270","34848","600502","31.353389","106.070622","31.35838","106.052836","30/6/2019 23:52:40","1/7/2019 00:15:14","滨江街道柳林街637号柳林文化广场","蜀北街道红岩子大道城北盛景","868183033539862","887.1592","890.0829","2.92","2","0","1/7/2019 00:01:42","1/7/2019 00:15:24"
"5112088","619105079807771640","43461","106498650","31.29475","117.904891","31.292085","117.907058","30/6/2019 23:42:52","1/7/2019 00:03:04","无城镇西苑社区居委会(水苑小区西)西苑山庄","无城镇滨河路滨江骏景","868183039007823","1213.0512","1213.3703","0.32","2","0","1/7/2019 00:01:45","1/7/2019 00:03:12"
"5112089","619105209005840270","28511","709042","29.384433","106.538883","29.394034","106.544676","1/7/2019 00:01:55","1/7/2019 00:11:04","龙洲湾街道中国石油巴鱼加油站颜龙·山水城","龙洲湾街道渝南大道317","867010032167034","1510.0289","1512.0218","1.99","2","0","1/7/2019 00:02:00","1/7/2019 00:11:13"
"5112090","619105270359562230","54178","106486664","35.081801","117.152082","35.085404","117.143126","30/6/2019 23:59:32","1/7/2019 00:06:26","荆河街道通衢小区","荆河街道一帆书画学校华滕中岳","352544073756620","893.098","893.098","0","2","0","1/7/2019 00:02:05","1/7/2019 00:06:35"
"5112092","619105422819632230","86567","300004283","33.267973","116.567031","33.269817","116.562668","1/7/2019 00:02:19","1/7/2019 00:04:06","城关镇淝河路154","城关镇嵇康北路","866039040610868","1644.5422","1645.1199","0.58","2","0","1/7/2019 00:02:20","1/7/2019 00:04:16"
"5112093","619105405285900270","52017","106487587","33.032584","112.23145","33.032681","112.231917","1/7/2019 00:01:37","1/7/2019 00:04:19","涅阳街道工业路镇平中心法治广场","涅阳街道工业路56镇平中心法治广场","352544073729429","1482.491","1482.884","0.39","2","0","1/7/2019 00:02:20","1/7/2019 00:04:25"
"5112091","619105403465890270","74056","500266","25.68466","114.308941","25.68301","114.313174","30/6/2019 23:59:40","1/7/2019 00:12:09","横水镇230省道468","横水镇阳岭大道158号","880818090401834","480.018","481.4","1.38","2","0","1/7/2019 00:02:20","1/7/2019 00:12:28"
"5112094","619105443437911640","77945","727816","39.951329","116.450879","39.951481","116.450684","30/6/2019 23:53:09","1/7/2019 00:39:58","左家庄街道新源街小区新源里小区","左家庄街道新源街小区新源里小区","868183037937393","3000.5967","3003.1782","2.58","2","0","1/7/2019 00:02:21","1/7/2019 00:40:05"
"5112095","619105432964251420","70235","725093","39.079701","117.172811","39.103341","117.178872","30/6/2019 23:58:58","1/7/2019 01:08:40","水上公园街道宾水西道28天津动物园","学府街道南开大学南开大学八里台校区","868183034239918","3056.024","3065.1762","9.15","2","0","1/7/2019 00:02:22","1/7/2019 01:08:47"
"5112096","619105457934271420","85083","300003185","34.419198","112.425845","34.418674","112.433202","30/6/2019 23:54:51","1/7/2019 00:20:06","城关镇酒城南路92号伊川人民医院","城关镇杜康大道99","866039040365828","2064.0913","2066.6131","2.52","2","0","1/7/2019 00:02:24","1/7/2019 00:20:17"
"5112097","619105483389642230","34276","601535","23.716947","113.0531","23.718649","113.033884","1/7/2019 00:02:09","1/7/2019 00:10:29","东城街道连发十九巷35-101号时代美居(海逸路)","凤城街道桥北路御景湖畔","860209023108638","1478.137","1480.659","2.52","2","0","1/7/2019 00:02:26","1/7/2019 00:10:39"
"5112099","619105582639672230","52248","106488322","31.982236","119.574257","31.985529","119.579367","30/6/2019 23:55:13","1/7/2019 00:06:15","云阳镇华南休闲商行华南新村小区","云阳镇东门外大街39号集成公寓","352544073737141","1116.734","1117.525","0.79","2","0","1/7/2019 00:02:36","1/7/2019 00:06:29"
"5112098","619105562135960270","81975","300001187","34.431397","112.425702","34.418569","112.421815","30/6/2019 23:58:40","1/7/2019 00:09:59","城关镇文化北路中民豪居","城关镇荆山西路中州文化小区","868183038763426","2340.3104","2342.0045","1.69","2","0","1/7/2019 00:02:36","1/7/2019 00:10:10"
"5112100","619105609925622220","41477","106499178","31.315463","117.904039","31.298463","117.914381","30/6/2019 23:57:43","1/7/2019 00:14:02","无城镇凤河路同心小区东区","无城镇绣溪街","868183039017962","1056.4805","1058.6554","2.17","2","0","1/7/2019 00:02:39","1/7/2019 00:14:10"
"5112101","619105632344331420","79096","501699","0","0","0","0",,,,,"868183033499471","0","0","0","2","0","1/7/2019 00:02:41","1/7/2019 00:02:41"
"5112102","619105648139732230","18364","707461","0","0","0","0",,,,,"867010032498926","0","0","0","2","0","1/7/2019 00:02:42","1/7/2019 00:02:42"
"5112103","619105661374351420","17746","701266","39.896394","116.380182","39.888809","116.372957","30/6/2019 23:44:09","1/7/2019 00:12:21","椿树街道庄胜城二期芳芷苑","牛街街道烂缦胡同枫桦豪景1期","867010032526973","4174.7485","4176.8421","2.09","2","0","1/7/2019 00:02:44","1/7/2019 00:12:28"
"5112104","619105717869772230","27475","709142","29.588266","106.313724","29.582947","106.316622","30/6/2019 23:53:21","1/7/2019 00:07:33","虎溪街道思贤路24羲城蓝湾","虎溪街道协信城立方东1期天骄名城1期","868183032456415","2656.8648","2657.8168","0.95","2","0","1/7/2019 00:02:49","1/7/2019 00:07:39"
"5112105","619105807794421420","73673","500623","23.704573","113.030336","23.701904","113.027604","30/6/2019 23:56:25","1/7/2019 00:06:14","凤城街道大观街13号航运大楼(大观街)","凤城街道沿江路南11座豪景大厦(沿江路)","880818090401538","756.193","756.599","0.41","2","0","1/7/2019 00:02:59","1/7/2019 00:06:23"
"5112106","619105820807981640","37548","715007","34.848035","110.451684","34.848016","110.45173","1/7/2019 00:01:59","1/7/2019 00:15:11","城东街道舜都大道舜帝山森林公园","城东街道舜都大道舜帝山森林公园","868183035250377","587.1147","588.0663","0.95","2","0","1/7/2019 00:02:59","1/7/2019 00:15:17"
"5112107","619105824786070270","76813","202000842","23.721373","114.69961","23.740105","114.698472","30/6/2019 23:57:34","1/7/2019 00:16:12","上城街道新兴路73新兴花苑(新兴路)","上城街道石苟巷","880818090402466","508.867","512.594","3.73","2","0","1/7/2019 00:03:02","1/7/2019 00:16:19"
"5112108","619105837846080270","42209","106498121","34.146757","113.46262","34.1454","113.468401","30/6/2019 23:59:05","1/7/2019 00:23:16","夏都街道夏都路229电信大楼","夏都街道颍河大街367溪畔佳苑","868183039043992","1744.7148","1746.3385","1.62","2","0","1/7/2019 00:03:03","1/7/2019 00:23:28"
"5112109","619105956208051640","77467","728039","34.20708","113.79325","34.219073","113.791051","1/7/2019 00:01:56","1/7/2019 00:08:30","金桥路街道金英路金鼎公寓","金桥路街道金桥路","868183037957243","2881.596","2883.0346","1.44","2","0","1/7/2019 00:03:13","1/7/2019 00:08:40"
"5112110","619106026004501420","78590","300000770","33.616441","113.36973","33.621933","113.357615","30/6/2019 23:47:58","1/7/2019 00:15:08","城关乡广场东街御景豪庭","昆阳镇昆阳大道绿地广场","868183037930299","1689.3572","1692.1828","2.83","2","0","1/7/2019 00:03:21","1/7/2019 00:15:18"
"5112111","619106017856120270","86575","300004147","33.246639","116.563778","33.229224","116.55687","30/6/2019 23:55:32","1/7/2019 00:15:32","庄周街道逍遥路六里小区西区","庄周街道万年船木家具至尊尚城","866039040809007","1770.4138","1772.9097","2.5","2","0","1/7/2019 00:03:21","1/7/2019 00:15:40"
"5112112","619106054094521420","70202","725027","34.229018","113.790653","34.233271","113.792164","30/6/2019 23:53:04","1/7/2019 00:06:16","增福镇金英路","长兴路街道双岳路华友·远大瑞园","868183034242318","3448.7625","3449.4673","0.7","2","0","1/7/2019 00:03:24","1/7/2019 00:06:24"
"5112113","619106055394531420","61834","201007135","23.738939","114.701784","23.733455","114.705328","1/7/2019 00:01:31","1/7/2019 00:07:13","上城街道中山路4号翔丰商业广场(中山路店)","上城街道东堤路中医院","860209023086628","334.975","335.856","0.88","2","0","1/7/2019 00:03:24","1/7/2019 00:07:20"
"5112114","619106307305882220","58418","201003899","32.380628","120.56295","32.39891","120.564603","1/7/2019 00:03:10","1/7/2019 00:11:52","如城街道宁海路334紫竹园","经济开发区海阳路海北新村海阳公寓","860209023038413","1938.643","1941.234","2.59","2","0","1/7/2019 00:03:48","1/7/2019 00:11:59"
"5112115","619106412974671420","15979","706094","29.474858","106.650522","29.50995","106.658006","30/6/2019 23:50:18","1/7/2019 00:21:50","长生桥镇牡丹路茶园公寓","长生桥镇通江大道95附24号","867190038818192","1033.2553","1038.393","5.14","2","0","1/7/2019 00:04:00","1/7/2019 00:21:55"
"5112116","619106433666250270","29788","711819","29.495872","106.488763","29.471227","106.485755","1/7/2019 00:00:12","1/7/2019 00:15:09","九龙镇龙泉路13轻港佳苑","九宫庙街道钢花路979","867190038867751","1161.2996","1164.4901","3.19","2","0","1/7/2019 00:04:03","1/7/2019 00:15:15"
"5112117","619106530725952220","64082","201009357","0","0","0","0",,,,,"880817100900711","0","0","0","2","0","1/7/2019 00:04:11","1/7/2019 00:04:11"
"5112118","619106553650122230","75418","729751","0","0","0","0",,,,,"868183036778269","0","0","0","2","0","1/7/2019 00:04:13","1/7/2019 00:04:13"
"5112119","619106548604731420","37207","720920","34.881002","110.447558","34.879051","110.449913","30/6/2019 23:49:33","1/7/2019 00:05:40","城北街道舜都大道","城北街道涑水东街60","868183035194948","501.8117","502.1997","0.39","2","0","1/7/2019 00:04:13","1/7/2019 00:05:47"
"5112120","619106613775982220","27838","711896","29.593035","106.551919","29.596115","106.549758","30/6/2019 23:56:48","1/7/2019 00:21:50","龙塔街道堂丸一本草康肤馆星城汇","龙塔街道天江南路公园置尚","867190038828381","1473.9925","1476.2756","2.28","2","0","1/7/2019 00:04:19","1/7/2019 00:21:56"
"5112121","619106698446360270","53312","106488541","32.000919","119.600211","31.989186","119.611228","1/7/2019 00:03:31","1/7/2019 00:14:00","经济技术开发区玉泉路124新欣市场","经济技术开发区普善路御河熙岸·幸福家","352544073761091","1871.159","1873.591","2.43","2","0","1/7/2019 00:04:29","1/7/2019 00:14:08"
"5112122","619106718290222230","80570","502851","23.679","113.04802","23.663429","113.065204","30/6/2019 23:52:38","1/7/2019 00:18:14","洲心街道人民二路33号万福国际广场","洲心街道凤翔大道71","868183038788506","535.7702","539.3939","3.62","2","0","1/7/2019 00:04:29","1/7/2019 00:18:22"
"5112123","619106719806042220","71144","725238","34.541169","113.37908","34.534075","113.391605","30/6/2019 23:51:56","1/7/2019 00:14:46","青屏街街道开阳路694号","新华路街道民康路126号","868183038755943","1156.7695","1159.0109","2.24","2","0","1/7/2019 00:04:30","1/7/2019 00:14:49"
"5112124","619106722916370270","77873","729164","39.933445","116.443877","39.901427","116.415985","1/7/2019 00:02:19","1/7/2019 00:30:38","三里屯街道工人体育场西路","东华门街道崇文门西大街1-3号北京新侨诺富特酒店","868183037903015","2905.9244","2912.3735","6.45","2","0","1/7/2019 00:04:32","1/7/2019 00:30:45"
"5112125","619106780238331640","4184","932830","35.105008","118.296527","35.117971","118.301125","30/6/2019 23:52:55","1/7/2019 00:10:56","兰山街道工业大道7-3号御园·精装公寓","兰山街道琅琊王路景泰宾馆","865067026101595","398.5893","400.6534","2.06","2","0","1/7/2019 00:04:35","1/7/2019 00:11:04"
"5112126","619106783286390270","77257","202001118","23.055559","112.471411","23.058006","112.447893","1/7/2019 00:03:14","1/7/2019 00:25:37","城东街道必胜客(星湖店)星湖国际广场","城西街道邦健医药(黄塘店)黄塘花园","880818090402915","1693.428","1696.592","3.16","2","0","1/7/2019 00:04:38","1/7/2019 00:25:40"
"5112127","619106894438381640","34411","601714","23.708078","113.027517","23.722596","113.042911","30/6/2019 23:58:40","1/7/2019 00:17:31","凤城街道城中路西侧A栋","东城街道御峰路华南师范大学附属清城小学","880817102000190","194.727","198.005","3.28","2","0","1/7/2019 00:04:46","1/7/2019 00:17:21"
"5112128","619106877016450270","58437","201003918","32.407796","120.546625","32.386776","120.551313","1/7/2019 00:03:27","1/7/2019 00:13:56","经济开发区益寿北路76亿丰如皋国际商贸城(益寿北路)","经济开发区中山西路9-103号金鹰大厦(中山西路)","860209023032200","1953.74","1956.35","2.61","2","0","1/7/2019 00:04:47","1/7/2019 00:14:02"
"5112129","619106993096480270","42176","106496872","34.169337","113.489749","34.156314","113.512399","30/6/2019 23:55:50","1/7/2019 00:15:13","钧台街道药城路森源壹号公馆","郭连镇祥云大道禹州森林植物园","868183039116038","2058.5395","2061.1421","2.6","2","0","1/7/2019 00:04:59","1/7/2019 00:15:23"
"5112130","619107094154901420","83403","935002","34.794737","117.268151","34.814275","117.26054","30/6/2019 23:58:03","1/7/2019 00:16:36","临城街道枣庄银行(薛城永兴支行)燕山C区","临城街道铁锅炖鸡鱼排骨怡然花苑","865067026176035","563.1713","566.0218","2.85","2","0","1/7/2019 00:05:08","1/7/2019 00:16:43"
"5112131","619107117078451640","68541","201012542","23.056214","112.487728","23.046821","112.477418","30/6/2019 23:50:20","1/7/2019 00:17:02","城东街道和平路四巷升华花苑","城东街道柑园南路19端州商幼","868183035268254","2176.7875","2178.9883","2.2","2","0","1/7/2019 00:05:09","1/7/2019 00:17:09"
"5112132","619107206726202220","43089","106497823","34.148922","113.488738","34.156767","113.470068","30/6/2019 23:57:10","1/7/2019 00:14:06","颍川街道爱加爱教育特色商业区","夏都街道赵坑街18号","868183039136101","1279.2853","1281.3305","2.05","2","0","1/7/2019 00:05:18","1/7/2019 00:14:17"
"5112133","619107232904951420","33842","600537","0","0","0","0",,,,,"880817102001525","0","0","0","2","0","1/7/2019 00:05:22","1/7/2019 00:05:22"
"5112134","619107266400372230","18771","700619","0","0","0","0",,,,,"867010032434962","0","0","0","2","0","1/7/2019 00:05:24","1/7/2019 00:05:24"
"5112135","619107452168601640","40717","720354","34.54157","113.402285","34.536015","113.352245","1/7/2019 00:05:09","1/7/2019 00:29:19","青屏街街道溱水路中强·向阳花","西大街街道御景天城郑州承誉德大酒店","868183038789314","1107.5491","1112.9221","5.37","2","0","1/7/2019 00:05:42","1/7/2019 00:29:28"
"5112136","619107546046670270","53738","106489168","32.790834","118.003123","32.776198","117.990016","1/7/2019 00:05:40","1/7/2019 05:05:09","明光街道明珠路89","明光街道广场路2号中都商厦","352544073743529","1293.483","1296.165","2.682","2","0","1/7/2019 00:05:54","1/7/2019 05:06:00"
"5112137","619107579526332220","41856","106497191","31.302581","117.924225","31.287098","117.935409","30/6/2019 23:56:55","1/7/2019 00:19:18","无城镇金塔东路晏公花园","无城镇中俊·理想城","868183039126078","1369.3384","1372.1833","2.84","2","0","1/7/2019 00:05:55","1/7/2019 00:19:25"
"5112138","619107594916342220","32285","712818","29.515941","106.64993","0","0","30/6/2019 23:54:16",,"天文街道天文大道129号城南家园四组团",,"868183032401643","1393.8985","0","0","2","0","1/7/2019 00:05:57","1/7/2019 00:05:57"
"5112139","619107616518671640","76522","300000232","34.193086","119.58868","34.17853","119.587267","30/6/2019 23:55:40","1/7/2019 00:12:28","响水镇东园路","响水镇水岸桃园","868183037928723","1068.4277","1070.5596","2.13","2","0","1/7/2019 00:05:59","1/7/2019 00:12:38"
"5112140","619107707428691640","31122","713344","29.506666","106.667383","29.504826","106.662971","30/6/2019 23:53:23","1/7/2019 00:09:30","长生桥镇长生四支路富翔花园","长生桥镇职工服务帮扶中心必茂小区","868183032397957","1578.8279","1579.6253","0.8","2","0","1/7/2019 00:06:08","1/7/2019 00:09:40"
"5112141","619107804116750270","89783","302000370","40.292222","97.039761","40.299906","97.051572","1/7/2019 00:06:18","1/7/2019 00:11:49","新市区街道玉苑东路玉苑东路6号隆福国际酒店","新市区街道昌盛路天昊花园","866039041769028","3837.2637","3839.1593","1.9","2","0","1/7/2019 00:06:20","1/7/2019 00:11:53"
"5112142","619107939176482220","87677","300100041","0","0","0","0",,,,,"866039041616104","0","0","0","2","0","1/7/2019 00:06:31","1/7/2019 00:06:31"
"5112143","619107942275211420","30798","716182","29.516029","106.649829","29.516017","106.649837","1/7/2019 00:02:30","1/7/2019 00:14:43","天文街道天文大道129号城南家园","天文街道天文大道129号城南家园四组团","868183032184058","2113.536","2114.8798","1.34","2","0","1/7/2019 00:06:32","1/7/2019 00:14:48"
"5112144","619108033195261420","4142","934924","35.167093","118.854571","35.17353","118.828274","1/7/2019 00:06:32","1/7/2019 00:32:04","十字路街道滨海电商产业园","十字路街道民主路第六小学","865067026247182","644.4966","647.8514","3.35","2","0","1/7/2019 00:06:42","1/7/2019 00:32:15"
"5112145","619108075465271420","61016","201006205","32.378376","120.560871","32.36871","120.565452","1/7/2019 00:06:32","1/7/2019 00:11:59","如城街道大司马路九天·丹桂园(宁海路)","如城街道惠政新村惠政新村A区","860209023073774","1904.223","1905.401","1.18","2","0","1/7/2019 00:06:46","1/7/2019 00:12:10"
"5112146","619108098716850270","84390","300003353","34.451781","113.032031","34.4607","113.0234","30/6/2019 23:55:22","1/7/2019 00:12:48","嵩阳街道洧河路","嵩阳街道人保公司家属楼","866039040425465","1857.9501","1859.7395","1.79","2","0","1/7/2019 00:06:49","1/7/2019 00:13:00"
"5112148","619108367836652220","78124","300000514","0","0","0","0",,,,,"868183037929531","0","0","0","2","0","1/7/2019 00:07:14","1/7/2019 00:07:14"
"5112147","619108366700782230","88349","958486","34.800751","117.289842","34.800457","117.289812","1/7/2019 00:07:06","1/7/2019 00:38:29","兴仁街道山东奥维线缆有限公司","兴仁街道山东奥维线缆有限公司","865067026262652","838.788","845.3904","6.6","2","0","1/7/2019 00:07:14","1/7/2019 00:38:38"
"5112149","619108585920802230","47332","106493598","35.076677","117.18081","35.064534","117.180459","30/6/2019 23:42:22","1/7/2019 00:13:28","龙泉街道文昌路第二中学","善南街道青啤大道荆善安居南区","866039040763741","84.0179","86.0035","1.99","2","0","1/7/2019 00:07:36","1/7/2019 00:13:37"
"5112150","619108659856792220","49608","106491482","35.105737","117.163126","35.101298","117.162333","1/7/2019 00:02:25","1/7/2019 00:13:08","北辛街道善国北路107号","北辛街道善国北路358滕州华澳小学","352544073673544","816.561","817.133","0.57","2","0","1/7/2019 00:07:44","1/7/2019 00:13:12"
"5112151","619108666868991640","24428","959850","34.794607","117.268252","34.781294","117.263629","30/6/2019 23:55:06","1/7/2019 00:14:01","临城街道永兴路111燕山C区","常庄镇永福南路254","865067026237621","1788.1397","1790.1017","1.96","2","0","1/7/2019 00:07:44","1/7/2019 00:14:13"
"5112152","619108682070852230","25986","702960","29.620356","106.332111","29.623914","106.345702","1/7/2019 00:09:00","1/7/2019 00:18:42","陈家桥街道陈青路","陈家桥街道叶家院子陈家桥安置区","867717038933025","969.8014","971.6471","1.85","2","0","1/7/2019 00:07:46","1/7/2019 00:18:51"
"5112153","619108731460872230","57666","201003084","32.393496","120.562831","0","0","1/7/2019 00:07:12",,"如城街道燕桥东河边31",,"860209023027382","1587.543","0","0","2","0","1/7/2019 00:07:51","1/7/2019 00:07:51"
"5112154","619108779340882230","57357","201002729","31.69879","118.508402","31.685147","118.530645","30/6/2019 23:59:42","1/7/2019 00:25:19","沙塘路街道新天地广场","湖东路街道中国邮政储蓄银行(国际华城支行)国际华城一村","860209023043272","1168.655","1172.5","3.85","2","0","1/7/2019 00:07:55","1/7/2019 00:25:29"
"5112155","619109116507160270","76918","202000465","23.044733","112.43624","23.049761","112.453768","1/7/2019 00:00:31","1/7/2019 00:25:44","城西街道厂排街","城西街道宋城二路维也纳酒店(七星岩牌坊店)","880818090401654","674.648","676.87","2.22","2","0","1/7/2019 00:08:31","1/7/2019 00:25:56"
"5112156","619109209291022230","78592","300000772","34.193969","119.587961","34.190884","119.580542","30/6/2019 23:59:17","1/7/2019 00:13:48","响水镇土地储备交易中心盛都华城","响水镇炫舞门","868183037958019","998.0578","999.1067","1.05","2","0","1/7/2019 00:08:38","1/7/2019 00:13:54"
"5112157","619109258171052230","76995","202000624","23.332534","112.724217","23.336196","112.721372","1/7/2019 00:08:38","1/7/2019 00:18:57","东城街道汇林路","东城街道商业大道骏马花园(卫民路)","880818090402102","875.863","876.531","0.67","2","0","1/7/2019 00:08:43","1/7/2019 00:22:40"
"5112158","619109285247052220","9556","922596","35.063004","118.336664","35.061976","118.340458","1/7/2019 00:02:02","1/7/2019 00:11:05","银雀山街道红旗路百丽广场","银雀山街道八一路3临沂人民广场(新华路)","865067026664204","374.4927","374.9751","0.48","2","0","1/7/2019 00:08:46","1/7/2019 00:11:13"
"5112159","619109297147062220","38216","720239","39.115935","117.202339","39.120773","117.201045","1/7/2019 00:03:36","1/7/2019 00:13:55","体育馆街道前明德里","小白楼街道贵都大厦","868183035197289","1943.9384","1944.7367","0.8","2","0","1/7/2019 00:08:47","1/7/2019 00:13:59"
"5112161","619109310505661420","33842","600537","0","0","0","0",,,,,"880817102001525","0","0","0","2","0","1/7/2019 00:08:49","1/7/2019 00:08:49"
"5112160","619109293847210270","29739","710489","29.475458","106.474954","29.464579","106.475171","1/7/2019 00:03:56","1/7/2019 00:15:07","春晖路街道翠柏路锦天康都","春晖路街道翠柏路重庆天安数码城云谷","867010032147481","1014.7625","1016.6435","1.88","2","0","1/7/2019 00:08:49","1/7/2019 00:15:17"
"5112162","619109343367240270","78124","300000514","0","0","0","0",,,,,"868183037929531","0","0","0","2","0","1/7/2019 00:08:54","1/7/2019 00:08:54"
"5112163","619109446537290270","29863","709865","29.470059","106.482521","29.460544","106.478458","1/7/2019 00:02:49","1/7/2019 00:20:17","春晖路街道秀水丽苑","春晖路街道松青路大渡口小学","867190038843554","805.2396","807.1214","1.88","2","0","1/7/2019 00:09:04","1/7/2019 00:20:27"
"5112164","619109484887122220","70120","726113","0","0","0","0",,,,,"868183034218482","0","0","0","2","0","1/7/2019 00:09:06","1/7/2019 00:09:06"
"5112165","619109469057300270","81971","300001170","0","0","0","0",,,,,"868183038765462","0","0","0","2","0","1/7/2019 00:09:06","1/7/2019 00:09:06"
"5112166","619109556831142230","84686","300003777","0","0","0","0",,,,,"866039040401912","0","0","0","2","0","1/7/2019 00:09:13","1/7/2019 00:09:13"
"5112167","619109708397192220","78124","300000514","0","0","0","0",,,,,"868183037929531","0","0","0","2","0","1/7/2019 00:09:28","1/7/2019 00:09:28"
"5112168","619109838901232230","85090","300003831","34.417782","112.433396","34.411555","112.432934","1/7/2019 00:08:15","1/7/2019 00:13:12","城关镇人民东路63","城关镇伊龙大道119号","866039040407463","2041.181","2042.197","1.02","2","0","1/7/2019 00:09:41","1/7/2019 00:13:21"
"5112169","619110139407352220","39025","722624","39.138162","117.167211","39.125322","117.166205","1/7/2019 00:02:48","1/7/2019 00:17:06","广开街道永基花园永基花园(黄河道)","万兴街道兴华公寓兴华公寓(南丰路)","868183035241707","2461.2011","2462.8882","1.69","2","0","1/7/2019 00:10:11","1/7/2019 00:17:14"
"5112170","619110145685961420","81552","300001926","34.432429","112.426291","34.42816","112.435435","1/7/2019 00:10:12","1/7/2019 00:15:46","城关镇商都西路501号","城关镇广场西路杜康广场","868183038762923","2802.7002","2804.188","1.49","2","0","1/7/2019 00:10:13","1/7/2019 00:15:50"
"5112171","619110183525971420","63996","201009285","0","0","0","0",,,,,"868183032269289","0","0","0","2","0","1/7/2019 00:10:17","1/7/2019 00:10:17"
"5112172","619110254456001420","80483","502992","25.674602","114.310773","25.694781","114.310846","30/6/2019 23:53:57","1/7/2019 00:17:23","横水镇文竹路新世界购物公园","横水镇经济适用房","868183038747296","600.7403","603.1259","2.39","2","0","1/7/2019 00:10:24","1/7/2019 00:17:30"
"5112173","619110318959481640","59196","201004664","32.381362","120.556953","32.383792","120.560277","1/7/2019 00:09:36","1/7/2019 00:19:14","如城街道健康西路都市华庭","如城街道地天泰养生(塘鞠路)","860209023062546","1634.463","1635.652","1.19","2","0","1/7/2019 00:10:29","1/7/2019 00:19:23"
